{
  "properties": {
    "connectionReferences": {
      "shared_commondataserviceforapps": {
        "runtimeSource": "embedded",
        "connection": {
          "connectionReferenceLogicalName": "new_sharedcommondataserviceforapps_d04e4"
        },
        "api": {
          "name": "shared_commondataserviceforapps"
        }
      }
    },
    "definition": {
      "$schema": "https://schema.management.azure.com/providers/Microsoft.Logic/schemas/2016-06-01/workflowdefinition.json#",
      "contentVersion": "1.0.0.0",
      "parameters": {
        "$connections": {
          "defaultValue": {},
          "type": "Object"
        },
        "$authentication": {
          "defaultValue": {},
          "type": "SecureObject"
        }
      },
      "triggers": {
        "繰り返し": {
          "recurrence": {
            "frequency": "Minute",
            "interval": 10
          },
          "metadata": {
            "operationMetadataId": "5f8ba70d-238f-4e60-8168-c5401755a36d"
          },
          "type": "Recurrence"
        }
      },
      "actions": {
        "業務時間内か？(UTC)": {
          "actions": {
            "行を一覧にする": {
              "runAfter": {},
              "metadata": {
                "operationMetadataId": "927bd255-6988-4e5d-a58a-ab6e8f14a1ac"
              },
              "type": "OpenApiConnection",
              "inputs": {
                "host": {
                  "connectionName": "shared_commondataserviceforapps",
                  "operationId": "ListRecords",
                  "apiId": "/providers/Microsoft.PowerApps/apis/shared_commondataserviceforapps"
                },
                "parameters": {
                  "entityName": "ya_customers",
                  "$filter": "statuscode ne null"
                },
                "authentication": "@parameters('$authentication')"
              }
            },
            "Apply_to_each": {
              "foreach": "@outputs('行を一覧にする')?['body/value']",
              "actions": {
                "期間内か？": {
                  "actions": {
                    "現在非アクティブか？": {
                      "actions": {
                        "行を更新する": {
                          "runAfter": {},
                          "metadata": {
                            "operationMetadataId": "da750f0d-9b03-47dd-b950-e135a506c151"
                          },
                          "type": "OpenApiConnection",
                          "inputs": {
                            "host": {
                              "connectionName": "shared_commondataserviceforapps",
                              "operationId": "UpdateRecord",
                              "apiId": "/providers/Microsoft.PowerApps/apis/shared_commondataserviceforapps"
                            },
                            "parameters": {
                              "entityName": "ya_customers",
                              "recordId": "@items('Apply_to_each')?['ya_customerid']",
                              "item/statuscode": 1,
                              "item/statecode": 0
                            },
                            "authentication": "@parameters('$authentication')"
                          }
                        }
                      },
                      "runAfter": {},
                      "expression": {
                        "equals": [
                          "@items('Apply_to_each')?['statuscode']",
                          2
                        ]
                      },
                      "metadata": {
                        "operationMetadataId": "3ca9b9fa-902d-4e90-a82c-54fa9784801f"
                      },
                      "type": "If"
                    }
                  },
                  "runAfter": {},
                  "else": {
                    "actions": {
                      "現在アクティブか？": {
                        "actions": {
                          "行を更新する_2": {
                            "runAfter": {},
                            "metadata": {
                              "operationMetadataId": "4d62e816-500b-4b4d-be96-ac737aaef4a1"
                            },
                            "type": "OpenApiConnection",
                            "inputs": {
                              "host": {
                                "connectionName": "shared_commondataserviceforapps",
                                "operationId": "UpdateRecord",
                                "apiId": "/providers/Microsoft.PowerApps/apis/shared_commondataserviceforapps"
                              },
                              "parameters": {
                                "entityName": "ya_customers",
                                "recordId": "@items('Apply_to_each')?['ya_customerid']",
                                "item/statuscode": 2,
                                "item/statecode": 1
                              },
                              "authentication": "@parameters('$authentication')"
                            }
                          }
                        },
                        "runAfter": {},
                        "expression": {
                          "equals": [
                            "@items('Apply_to_each')?['statuscode']",
                            1
                          ]
                        },
                        "metadata": {
                          "operationMetadataId": "986bd008-9aaa-4410-a501-a3e1dc0d16b2"
                        },
                        "type": "If"
                      }
                    }
                  },
                  "expression": {
                    "and": [
                      {
                        "lessOrEquals": [
                          "@items('Apply_to_each')?['ya_startdate']",
                          "@utcNow()"
                        ]
                      },
                      {
                        "greaterOrEquals": [
                          "@items('Apply_to_each')?['ya_enddate']",
                          "@utcNow()"
                        ]
                      }
                    ]
                  },
                  "metadata": {
                    "operationMetadataId": "dbc77ce4-06ae-48a0-89ea-cb57e1c89ba9"
                  },
                  "type": "If"
                }
              },
              "runAfter": {
                "行を一覧にする": [
                  "Succeeded"
                ]
              },
              "metadata": {
                "operationMetadataId": "cae85999-9a03-49a0-9d5e-98c9b80b63b3"
              },
              "type": "Foreach"
            }
          },
          "runAfter": {
            "現在(時)": [
              "Succeeded"
            ]
          },
          "else": {
            "actions": {
              "終了": {
                "runAfter": {},
                "metadata": {
                  "operationMetadataId": "100076e0-f4d3-4828-81c2-0d85351eba86"
                },
                "type": "Terminate",
                "inputs": {
                  "runStatus": "Succeeded"
                }
              }
            }
          },
          "expression": {
            "or": [
              {
                "greaterOrEquals": [
                  "@int(formatDateTime(utcNow(),'hh'))",
                  0
                ]
              },
              {
                "less": [
                  "@int(formatDateTime(utcNow(),'hh'))",
                  8
                ]
              }
            ]
          },
          "metadata": {
            "operationMetadataId": "980eda91-ddd7-492b-a173-316fb183ea29"
          },
          "type": "If"
        },
        "現在(時)": {
          "runAfter": {},
          "metadata": {
            "operationMetadataId": "774d6212-a7b2-4701-ba60-b219996b808b"
          },
          "type": "Compose",
          "inputs": "@int(formatDateTime(utcNow(),'hh'))"
        }
      },
      "outputs": {}
    }
  },
  "schemaVersion": "1.0.0.0"
}